[{"model": "sessions.session", "pk": "21qhh4kdelhmexwtih7ax37z7u2x97nl", "fields": {"session_data": "N2NiYTEzNWM0NGY4OWQzYTAyNmU0NWQ3Nzk5MWIxY2UzMTZiZmY2Yzp7Il9hdXRoX3VzZXJfaWQiOiIxIiwiX2F1dGhfdXNlcl9iYWNrZW5kIjoiZGphbmdvLmNvbnRyaWIuYXV0aC5iYWNrZW5kcy5Nb2RlbEJhY2tlbmQiLCJfYXV0aF91c2VyX2hhc2giOiIwNzEwM2Y2MDBjMDZlNjEzZWYzOTcxM2QwNDhkNTcxNzExYjU3Yzk5In0=", "expire_date": "2018-12-18T18:53:04.155Z"}}, {"model": "sessions.session", "pk": "8fkr3jc1smd7rc42ymkdbh8api1n9r4w", "fields": {"session_data": "YTUxNDVhMjFmM2JkMGQ1NjMzOTZjMTQ5MTkzYWZmOTkxYzdhZmM3MDp7Il9hdXRoX3VzZXJfaWQiOiIxIiwiX2F1dGhfdXNlcl9oYXNoIjoiNzRhYzZmYmZmZTQ0MjI0MGZlMjQxOGRkMGM5YjdkY2Y3ODU5ODNiNiIsIl9hdXRoX3VzZXJfYmFja2VuZCI6ImRqYW5nby5jb250cmliLmF1dGguYmFja2VuZHMuTW9kZWxCYWNrZW5kIn0=", "expire_date": "2017-11-01T19:51:52.681Z"}}, {"model": "sessions.session", "pk": "bsu9tu3h4q4lbgs7zruahqxrhhy4sd83", "fields": {"session_data": "OWU3NzBiZWZiYWNjYzBlZmQ0M2VkNjk4ZDk5ZWYyZGNjYjAwMGQ0Njp7Il9hdXRoX3VzZXJfYmFja2VuZCI6ImRqYW5nby5jb250cmliLmF1dGguYmFja2VuZHMuTW9kZWxCYWNrZW5kIiwiX2F1dGhfdXNlcl9pZCI6IjEiLCJfYXV0aF91c2VyX2hhc2giOiI3NGFjNmZiZmZlNDQyMjQwZmUyNDE4ZGQwYzliN2RjZjc4NTk4M2I2In0=", "expire_date": "2017-11-04T09:38:15.540Z"}}, {"model": "sessions.session", "pk": "dw5i8ucmtcrqr1ai7kvfe54j80vo66el", "fields": {"session_data": "N2NiYTEzNWM0NGY4OWQzYTAyNmU0NWQ3Nzk5MWIxY2UzMTZiZmY2Yzp7Il9hdXRoX3VzZXJfaWQiOiIxIiwiX2F1dGhfdXNlcl9iYWNrZW5kIjoiZGphbmdvLmNvbnRyaWIuYXV0aC5iYWNrZW5kcy5Nb2RlbEJhY2tlbmQiLCJfYXV0aF91c2VyX2hhc2giOiIwNzEwM2Y2MDBjMDZlNjEzZWYzOTcxM2QwNDhkNTcxNzExYjU3Yzk5In0=", "expire_date": "2018-12-18T18:57:14.849Z"}}, {"model": "sessions.session", "pk": "gbm1gf0ov6g5dacx3neofdps6ud3xk9q", "fields": {"session_data": "eyJuZXh0IjoiLyIsInZrLW9hdXRoMl9zdGF0ZSI6Ik5ydUR0OEZFcVZUaFlXa1pmaTllRHFSdkdOT0ZqWkplIn0:1kBE5c:EYe9GUR9fVbfYhbYQsLs4fjWGktYaLPKur4cHkVbkJw", "expire_date": "2020-09-10T09:21:00.232Z"}}, {"model": "sessions.session", "pk": "jcrt6g43pn6axf2yyy1qybuc9y2atvxi", "fields": {"session_data": "Yzc3Njg3ZDY0N2JmYzQzYzFjZjI4MTY3MGQyYWFkMjhhYTExZDJlZTp7Il9hdXRoX3VzZXJfaWQiOiIxIiwiX2F1dGhfdXNlcl9iYWNrZW5kIjoiZGphbmdvLmNvbnRyaWIuYXV0aC5iYWNrZW5kcy5Nb2RlbEJhY2tlbmQiLCJfYXV0aF91c2VyX2hhc2giOiJiMjMxZjFhZGQ4MTk1MDA0OTU3MTJiMDMzNmYxYWUwYTUxZjdmYzBiIn0=", "expire_date": "2020-05-07T18:19:23.020Z"}}, {"model": "sessions.session", "pk": "k5vrdy0tpxaz4valbtboax6s1gbp1umb", "fields": {"session_data": ".eJxVjEsOwjAMBe-SNYpw1MQ2S_acIUqdmBRQKvWzqrg7VOoCtm9m3mZiWpca17lMccjmYsCcfrc-ybO0HeRHavfRytiWaejtrtiDzvY25vK6Hu7fQU1z_dZMrMDiQ-DgqZD0BAnEq2Jg7LhjQEeZPYIgiQNUJKfitGhhdzbvD8CqNy0:1k9pMu:v_NV7C9IXVxxBz7dYP_1suoZZ-ga8UXPJctIQD_Tnuo", "expire_date": "2020-09-06T12:45:04.454Z"}}, {"model": "sessions.session", "pk": "kz1yvua29pg2ze1b15n14kmxomk3xht9", "fields": {"session_data": ".eJxVjEsOwjAMBe-SNYpw1MQ2S_acIUqdmBRQKvWzqrg7VOoCtm9m3mZiWpca17lMccjmYsCcfrc-ybO0HeRHavfRytiWaejtrtiDzvY25vK6Hu7fQU1z_dZMrMDiQ-DgqZD0BAnEq2Jg7LhjQEeZPYIgiQNUJKfitGhhdzbvD8CqNy0:1kBFr6:1IFRfcO5sLxdsfw0tRzZu01rn_qNFeQ8Yw0AuI0-oqQ", "expire_date": "2020-09-10T11:14:08.488Z"}}, {"model": "sessions.session", "pk": "m3bipxj49codtvh3tl0vtah1l2st7zsy", "fields": {"session_data": "eyJuZXh0IjoiLyIsInZrLW9hdXRoMl9zdGF0ZSI6IjlmbllTOGtTZUdoOFhZMFNpTk9heVJNMnRDbTY3TVJYIn0:1kBE5K:k_ppaEwwuJ1_8Uu9ED18stQ0512keRicBtuAmcdoRS4", "expire_date": "2020-09-10T09:20:42.780Z"}}, {"model": "sessions.session", "pk": "tmesctfrv806fpc8bfecfogrql2u5e5h", "fields": {"session_data": "ZmE4OThlZDdlYzU1M2MxNzI1Yzg4M2FkOGNkM2ZlOTBjMDM4ZjIyNDp7Il9hdXRoX3VzZXJfaWQiOiIxIiwiX2F1dGhfdXNlcl9iYWNrZW5kIjoiZGphbmdvLmNvbnRyaWIuYXV0aC5iYWNrZW5kcy5Nb2RlbEJhY2tlbmQiLCJfYXV0aF91c2VyX2hhc2giOiI3NGFjNmZiZmZlNDQyMjQwZmUyNDE4ZGQwYzliN2RjZjc4NTk4M2I2In0=", "expire_date": "2017-11-01T12:54:45.937Z"}}, {"model": "sessions.session", "pk": "trq0b4r5yikuxxte8bsxtrpeqqwxkvi2", "fields": {"session_data": "N2NiYTEzNWM0NGY4OWQzYTAyNmU0NWQ3Nzk5MWIxY2UzMTZiZmY2Yzp7Il9hdXRoX3VzZXJfaWQiOiIxIiwiX2F1dGhfdXNlcl9iYWNrZW5kIjoiZGphbmdvLmNvbnRyaWIuYXV0aC5iYWNrZW5kcy5Nb2RlbEJhY2tlbmQiLCJfYXV0aF91c2VyX2hhc2giOiIwNzEwM2Y2MDBjMDZlNjEzZWYzOTcxM2QwNDhkNTcxNzExYjU3Yzk5In0=", "expire_date": "2018-12-12T20:52:00.318Z"}}, {"model": "sessions.session", "pk": "wqqj6z63y7ij5lqii36ohcf839usetto", "fields": {"session_data": ".eJxVjEsOwjAMBe-SNYpw1MQ2S_acIUqdmBRQKvWzqrg7VOoCtm9m3mZiWpca17lMccjmYsCcfrc-ybO0HeRHavfRytiWaejtrtiDzvY25vK6Hu7fQU1z_dZMrMDiQ-DgqZD0BAnEq2Jg7LhjQEeZPYIgiQNUJKfitGhhdzbvD8CqNy0:1kD7FS:LBAQ8sEejQ8qXC8gIqrr_qUx3xlUgNaPw9FSYpF5tsc", "expire_date": "2020-09-15T14:26:58.958Z"}}, {"model": "mainapp.productcategory", "pk": 1, "fields": {"name": "дом", "description": "отличная мебель для домашнего интерьера.", "is_active": true}}, {"model": "mainapp.productcategory", "pk": 2, "fields": {"name": "офис", "description": "стильная и надежная офисная мебель нового поколения. 2017 модельный год", "is_active": true}}, {"model": "mainapp.productcategory", "pk": 3, "fields": {"name": "модерн", "description": "мебель в стиле МОДЕРН подойдет для любого интерьера. И для вашего", "is_active": true}}, {"model": "mainapp.productcategory", "pk": 4, "fields": {"name": "классика", "description": "классический стиль актуален в любые времена.", "is_active": true}}, {"model": "mainapp.productcategory", "pk": 5, "fields": {"name": "товары для кухни", "description": "полезное для кухни 2017", "is_active": false}}, {"model": "mainapp.product", "pk": 1, "fields": {"category": 1, "name": "комфорт 1", "image": "products_images/product-1.jpg", "short_desc": "комфортный стул", "description": "подойдет для просмотра фильмов", "price": "2989.50", "quantity": 11, "is_active": true}}, {"model": "mainapp.product", "pk": 2, "fields": {"category": 1, "name": "комфорт 2", "image": "products_images/product-2.jpg", "short_desc": "очень комфортный стул", "description": "подойдет для общения с друзьями", "price": "3687.20", "quantity": 21, "is_active": true}}, {"model": "mainapp.product", "pk": 3, "fields": {"category": 1, "name": "люкс", "image": "products_images/product-3.jpg", "short_desc": "использованы премиальные материалы", "description": "для тех, кто стремится к лучшему", "price": "8157.99", "quantity": 10, "is_active": true}}, {"model": "mainapp.product", "pk": 4, "fields": {"category": 1, "name": "люкс 2", "image": "products_images/product-4.jpg", "short_desc": "использованы премиальные материалы", "description": "для тех, кто стремится к лучшему", "price": "9157.99", "quantity": 3, "is_active": true}}, {"model": "mainapp.product", "pk": 5, "fields": {"category": 1, "name": "люкс 3", "image": "products_images/product-5.jpg", "short_desc": "использованы премиальные материалы", "description": "для тех, кто стремится к лучшему", "price": "10157.99", "quantity": 3, "is_active": true}}, {"model": "mainapp.product", "pk": 6, "fields": {"category": 2, "name": "стандарт", "image": "products_images/product-6.jpg", "short_desc": "универсальное решение 2017 года", "description": "подойдет для любого офиса. отличные характеристики", "price": "1895.25", "quantity": 26, "is_active": true}}, {"model": "mainapp.product", "pk": 7, "fields": {"category": 2, "name": "премиум", "image": "products_images/product-7.jpg", "short_desc": "улучшенный дизайн", "description": "идеально впишется в строгий интерьер офиса", "price": "3587.41", "quantity": 7, "is_active": true}}, {"model": "mainapp.product", "pk": 8, "fields": {"category": 2, "name": "премиум 2", "image": "products_images/product-8.jpg", "short_desc": "улучшенный дизайн", "description": "идеально впишется в строгий интерьер офиса", "price": "4587.41", "quantity": 3, "is_active": true}}, {"model": "mainapp.product", "pk": 9, "fields": {"category": 3, "name": "новинка", "image": "products_images/product-9.jpg", "short_desc": "инновационный дизайн", "description": "нестандартное решение для современного интерьера", "price": "5361.47", "quantity": 19, "is_active": true}}, {"model": "mainapp.product", "pk": 10, "fields": {"category": 3, "name": "прогресс", "image": "products_images/product-10.jpg", "short_desc": "прогрессивный дизайн", "description": "функциональное и комфортное решение", "price": "6789.33", "quantity": 12, "is_active": true}}, {"model": "mainapp.product", "pk": 11, "fields": {"category": 3, "name": "прогресс 2", "image": "products_images/product-11.jpg", "short_desc": "прогрессивный дизайн", "description": "функциональное и комфортное решение", "price": "7789.33", "quantity": 7, "is_active": true}}, {"model": "mainapp.product", "pk": 12, "fields": {"category": 3, "name": "прогресс 3", "image": "products_images/product-12.jpg", "short_desc": "прогрессивный дизайн", "description": "функциональное и комфортное решение", "price": "9789.33", "quantity": 7, "is_active": true}}, {"model": "mainapp.product", "pk": 13, "fields": {"category": 4, "name": "венеция", "image": "products_images/product-13.jpg", "short_desc": "классические формы", "description": "окунитесь в европейский комфорт", "price": "4147.51", "quantity": 23, "is_active": true}}, {"model": "mainapp.product", "pk": 14, "fields": {"category": 4, "name": "тоскана", "image": "products_images/product-14.jpg", "short_desc": "эргономичная спинка", "description": "почувствуйте комфорт и насладитесь цветовой гаммой", "price": "7147.35", "quantity": 18, "is_active": true}}, {"model": "mainapp.product", "pk": 15, "fields": {"category": 4, "name": "рим", "image": "products_images/product-15.jpg", "short_desc": "удачные пропорции", "description": "компактность и функциональность", "price": "8357.77", "quantity": 1, "is_active": true}}, {"model": "mainapp.product", "pk": 16, "fields": {"category": 4, "name": "рим 2", "image": "products_images/product-16.jpg", "short_desc": "удачные пропорции", "description": "компактность и функциональность", "price": "9357.77", "quantity": 8, "is_active": true}}, {"model": "mainapp.product", "pk": 17, "fields": {"category": 4, "name": "рим 3", "image": "products_images/product-17.jpg", "short_desc": "удачные пропорции", "description": "компактность и функциональность", "price": "10357.77", "quantity": 5, "is_active": true}}, {"model": "mainapp.product", "pk": 18, "fields": {"category": 2, "name": "офисный стул 4", "image": "", "short_desc": "удлиненная спинка", "description": "для людей высокого роста", "price": "1897.44", "quantity": 18, "is_active": false}}, {"model": "authapp.shopuser", "pk": 1, "fields": {"password": "pbkdf2_sha256$216000$e5yNNk6MgMA2$HBTJp96C7bsl6SwoEq8feOOZnsqklE4dGSW03awvbuI=", "last_login": "2020-09-01T14:26:58.939Z", "is_superuser": true, "username": "django", "first_name": "safgsfgdf", "last_name": "django", "email": "django@geekshop.local", "is_staff": true, "is_active": true, "date_joined": "2017-10-18T12:46:45.112Z", "avatar": "", "age": 33, "activation_key": "", "activation_key_expires": "2020-08-25T09:09:48.569Z", "groups": [], "user_permissions": []}}, {"model": "authapp.shopuser", "pk": 2, "fields": {"password": "pbkdf2_sha256$30000$TibmK0AuZEVN$KOczqCTahCoBw7f6JgV5cDMaytWm7qHpqiNRCcL7vnw=", "last_login": "2017-10-21T09:38:08.255Z", "is_superuser": false, "username": "user1", "first_name": "Пользователь 1", "last_name": "", "email": "user1@geekshop.ru", "is_staff": false, "is_active": true, "date_joined": "2017-10-21T09:35:58.357Z", "avatar": "users_avatars/Jellyfish.jpg", "age": 28, "activation_key": "", "activation_key_expires": "2020-08-25T09:09:48.569Z", "groups": [], "user_permissions": []}}, {"model": "authapp.shopuser", "pk": 3, "fields": {"password": "pbkdf2_sha256$30000$yo2DzfanHzWV$ZiZ5mJrH7O7nlWXGRNr9E/H8OATrs+sDcdsu/qX0Tiw=", "last_login": null, "is_superuser": false, "username": "user2", "first_name": "", "last_name": "", "email": "user2@geekshop.ru", "is_staff": false, "is_active": true, "date_joined": "2017-10-21T10:27:36Z", "avatar": "users_avatars/Tulips.jpg", "age": 39, "activation_key": "", "activation_key_expires": "2020-08-25T09:09:48.569Z", "groups": [], "user_permissions": []}}, {"model": "authapp.shopuser", "pk": 4, "fields": {"password": "pbkdf2_sha256$30000$J5VHESGhsJQ2$GKCnuIhscf6HLBlxrzwpXtV/o5BbhzBbImsOCXV7Eho=", "last_login": null, "is_superuser": false, "username": "user3", "first_name": "", "last_name": "", "email": "1@1.ru", "is_staff": false, "is_active": false, "date_joined": "2017-10-21T10:29:06.713Z", "avatar": "", "age": 19, "activation_key": "", "activation_key_expires": "2020-08-25T09:09:48.569Z", "groups": [], "user_permissions": []}}, {"model": "authapp.shopuser", "pk": 5, "fields": {"password": "pbkdf2_sha256$30000$MtGCYwfLYlHX$m1E3qaaz5vb6azqPE5zI8hlBJOHl7vuecebnMLDO6SI=", "last_login": null, "is_superuser": false, "username": "user4", "first_name": "", "last_name": "", "email": "1@1.ru", "is_staff": false, "is_active": true, "date_joined": "2017-10-21T10:29:42.107Z", "avatar": "", "age": 19, "activation_key": "", "activation_key_expires": "2020-08-25T09:09:48.569Z", "groups": [], "user_permissions": []}}, {"model": "authapp.shopuser", "pk": 6, "fields": {"password": "pbkdf2_sha256$30000$iULsZkzlNJlW$kKb/918Jw3Ba41OTfkOe5KyHogjeXhOAsgIt04ZHoAE=", "last_login": null, "is_superuser": false, "username": "user7", "first_name": "Пользователь 7", "last_name": "", "email": "7@geekshop.ru", "is_staff": false, "is_active": false, "date_joined": "2017-10-21T10:54:15.921Z", "avatar": "users_avatars/Hydrangeas.jpg", "age": 56, "activation_key": "", "activation_key_expires": "2020-08-25T09:09:48.569Z", "groups": [], "user_permissions": []}}, {"model": "authapp.shopuser", "pk": 7, "fields": {"password": "pbkdf2_sha256$30000$WvXgdyZ5PfKG$8pT4FzHLw5uT+NOYLgaTkmhHXQdpW0pk6VIDhndReTk=", "last_login": null, "is_superuser": false, "username": "user9", "first_name": "Пользователь 9", "last_name": "", "email": "user9@geekshop.ru", "is_staff": false, "is_active": false, "date_joined": "2017-10-21T11:02:33Z", "avatar": "users_avatars/Chrysanthemum.jpg", "age": 19, "activation_key": "", "activation_key_expires": "2020-08-25T09:09:48.569Z", "groups": [], "user_permissions": []}}, {"model": "authapp.shopuser", "pk": 8, "fields": {"password": "pbkdf2_sha256$216000$uNOptA79FsAt$J5c6UIvfi4cFjPt+FGXxi+BWJZjj3/OUNRelI2juPkg=", "last_login": null, "is_superuser": false, "username": "dj_verif", "first_name": "dj_verif", "last_name": "", "email": "dj_verif@gb.local", "is_staff": false, "is_active": false, "date_joined": "2020-08-23T12:08:35.598Z", "avatar": "", "age": 33, "activation_key": "0aaaa6aa7abe7401454a7d7640b22049105f48a8", "activation_key_expires": "2020-08-25T10:06:55.551Z", "groups": [], "user_permissions": []}}, {"model": "authapp.shopuser", "pk": 9, "fields": {"password": "pbkdf2_sha256$216000$4BA8UIqjHkEd$j7VJyZjmhnZYspCtOhrWxvkUfEet6oXQOQnvXGFF5MQ=", "last_login": "2020-08-23T12:20:22.027Z", "is_superuser": false, "username": "dj_verif1", "first_name": "dj_verif1", "last_name": "", "email": "dj_verif1@gb.local", "is_staff": false, "is_active": true, "date_joined": "2020-08-23T12:12:12.715Z", "avatar": "", "age": 33, "activation_key": "394b053beffb29d23caa697f500e981abb7b68c4", "activation_key_expires": "2020-08-25T10:10:58.200Z", "groups": [], "user_permissions": []}}, {"model": "authapp.shopuser", "pk": 10, "fields": {"password": "pbkdf2_sha256$216000$wcupJwLKvX2J$b3qmVXka+j6RdPEZyLlQsE2FMd8SdJjWAR8zYZmdaTg=", "last_login": "2020-08-23T12:21:46.382Z", "is_superuser": false, "username": "jdv1", "first_name": "jdv1", "last_name": "", "email": "jdv1@gb.local", "is_staff": false, "is_active": true, "date_joined": "2020-08-23T12:21:13.776Z", "avatar": "", "age": 33, "activation_key": "7a705765e2266a93e11bae90fbb5916f57082c61", "activation_key_expires": "2020-08-25T10:17:33.986Z", "groups": [], "user_permissions": []}}, {"model": "authapp.shopuser", "pk": 11, "fields": {"password": "pbkdf2_sha256$216000$AXHHOkHXlvtW$qxqw+twP4uk5BW/YFtOucsJ14DlB0f+bpYxTuoqQql0=", "last_login": "2020-08-23T12:29:24.652Z", "is_superuser": false, "username": "djv2", "first_name": "djv2", "last_name": "", "email": "djv2@gb.local", "is_staff": false, "is_active": true, "date_joined": "2020-08-23T12:29:04.061Z", "avatar": "", "age": 33, "activation_key": "5f170ee6182e721e2958fda05e2efe1722345036", "activation_key_expires": "2020-08-25T10:17:33.986Z", "groups": [], "user_permissions": []}}, {"model": "authapp.shopuser", "pk": 12, "fields": {"password": "pbkdf2_sha256$216000$z8nh4EyADPxo$N7taD50SZ22GtVo7r7jZHYxHyr23nIXZLVVx1Tn25bI=", "last_login": "2020-08-23T12:35:51.320Z", "is_superuser": false, "username": "djv3", "first_name": "djv3", "last_name": "", "email": "djv3@gb.local", "is_staff": false, "is_active": true, "date_joined": "2020-08-23T12:32:58.338Z", "avatar": "", "age": 33, "activation_key": "ddab796d4f75e7bad7743cad0030ed4bfc74582a", "activation_key_expires": "2020-08-25T10:32:20.159Z", "groups": [], "user_permissions": []}}, {"model": "authapp.shopuser", "pk": 26, "fields": {"password": "!yDAoVHg3hYau5QZfSJkDyC9Jp7GAaFcRijZegutI", "last_login": "2020-08-27T11:13:23Z", "is_superuser": false, "username": "id49152", "first_name": "Женько", "last_name": "Мальгин", "email": "moy_garb@bk.ru", "is_staff": false, "is_active": true, "date_joined": "2020-08-27T11:13:23Z", "avatar": "", "age": 18, "activation_key": "", "activation_key_expires": "2020-08-29T09:12:37Z", "groups": [], "user_permissions": []}}, {"model": "authapp.shopuserprofile", "pk": 1, "fields": {"user": 1, "tagline": "", "about_me": "", "gender": ""}}, {"model": "authapp.shopuserprofile", "pk": 2, "fields": {"user": 2, "tagline": "", "about_me": "", "gender": ""}}, {"model": "authapp.shopuserprofile", "pk": 3, "fields": {"user": 3, "tagline": "", "about_me": "", "gender": ""}}, {"model": "authapp.shopuserprofile", "pk": 4, "fields": {"user": 4, "tagline": "", "about_me": "", "gender": ""}}, {"model": "authapp.shopuserprofile", "pk": 5, "fields": {"user": 5, "tagline": "", "about_me": "", "gender": ""}}, {"model": "authapp.shopuserprofile", "pk": 6, "fields": {"user": 6, "tagline": "", "about_me": "", "gender": ""}}, {"model": "authapp.shopuserprofile", "pk": 7, "fields": {"user": 7, "tagline": "", "about_me": "", "gender": ""}}, {"model": "authapp.shopuserprofile", "pk": 8, "fields": {"user": 8, "tagline": "", "about_me": "", "gender": ""}}, {"model": "authapp.shopuserprofile", "pk": 9, "fields": {"user": 9, "tagline": "", "about_me": "", "gender": ""}}, {"model": "authapp.shopuserprofile", "pk": 10, "fields": {"user": 10, "tagline": "", "about_me": "", "gender": ""}}, {"model": "authapp.shopuserprofile", "pk": 11, "fields": {"user": 11, "tagline": "", "about_me": "", "gender": ""}}, {"model": "authapp.shopuserprofile", "pk": 12, "fields": {"user": 12, "tagline": "", "about_me": "", "gender": ""}}, {"model": "authapp.shopuserprofile", "pk": 24, "fields": {"user": 26, "tagline": "", "about_me": "", "gender": ""}}, {"model": "basketapp.basket", "pk": 12, "fields": {"user": 2, "product": 15, "quantity": 1, "add_datetime": "2017-10-21T09:36:11.312Z"}}, {"model": "ordersapp.order", "pk": 1, "fields": {"user": 1, "created": "2020-08-31T07:46:14.019Z", "updated": "2020-08-31T08:07:34.590Z", "status": "STP", "is_active": true}}, {"model": "ordersapp.order", "pk": 2, "fields": {"user": 1, "created": "2020-08-31T07:49:44.470Z", "updated": "2020-08-31T07:49:44.497Z", "status": "FM", "is_active": false}}, {"model": "ordersapp.order", "pk": 3, "fields": {"user": 1, "created": "2020-08-31T08:02:59.523Z", "updated": "2020-08-31T08:07:26.364Z", "status": "STP", "is_active": true}}, {"model": "ordersapp.order", "pk": 4, "fields": {"user": 1, "created": "2020-08-31T08:08:11.254Z", "updated": "2020-08-31T10:37:09.939Z", "status": "FM", "is_active": false}}, {"model": "ordersapp.order", "pk": 5, "fields": {"user": 1, "created": "2020-08-31T10:41:03.880Z", "updated": "2020-08-31T11:42:30.092Z", "status": "STP", "is_active": true}}, {"model": "ordersapp.order", "pk": 6, "fields": {"user": 1, "created": "2020-08-31T10:50:06.419Z", "updated": "2020-09-01T06:29:19.579Z", "status": "FM", "is_active": false}}, {"model": "ordersapp.order", "pk": 7, "fields": {"user": 1, "created": "2020-08-31T11:28:33.588Z", "updated": "2020-09-01T09:21:21.179Z", "status": "FM", "is_active": true}}, {"model": "ordersapp.order", "pk": 8, "fields": {"user": 1, "created": "2020-08-31T11:30:07.910Z", "updated": "2020-08-31T11:30:17.782Z", "status": "FM", "is_active": false}}, {"model": "ordersapp.order", "pk": 9, "fields": {"user": 1, "created": "2020-08-31T11:49:57.759Z", "updated": "2020-09-01T09:50:07.515Z", "status": "FM", "is_active": true}}, {"model": "ordersapp.order", "pk": 10, "fields": {"user": 1, "created": "2020-09-01T09:50:45.550Z", "updated": "2020-09-01T09:50:45.579Z", "status": "FM", "is_active": true}}, {"model": "ordersapp.order", "pk": 11, "fields": {"user": 1, "created": "2020-09-01T10:07:04.662Z", "updated": "2020-09-01T12:27:55.960Z", "status": "FM", "is_active": true}}, {"model": "ordersapp.order", "pk": 12, "fields": {"user": 1, "created": "2020-09-01T15:40:23.643Z", "updated": "2020-09-01T15:40:23.664Z", "status": "FM", "is_active": true}}, {"model": "ordersapp.order", "pk": 13, "fields": {"user": 1, "created": "2020-09-01T15:49:15.036Z", "updated": "2020-09-01T15:49:15.078Z", "status": "FM", "is_active": true}}, {"model": "ordersapp.orderitem", "pk": 1, "fields": {"order": 1, "product": 1, "quantity": 6}}, {"model": "ordersapp.orderitem", "pk": 2, "fields": {"order": 1, "product": 16, "quantity": 10}}, {"model": "ordersapp.orderitem", "pk": 3, "fields": {"order": 1, "product": 10, "quantity": 2}}, {"model": "ordersapp.orderitem", "pk": 4, "fields": {"order": 1, "product": 14, "quantity": 1}}, {"model": "ordersapp.orderitem", "pk": 5, "fields": {"order": 1, "product": 8, "quantity": 3}}, {"model": "ordersapp.orderitem", "pk": 6, "fields": {"order": 1, "product": 2, "quantity": 4}}, {"model": "ordersapp.orderitem", "pk": 7, "fields": {"order": 1, "product": 6, "quantity": 1}}, {"model": "ordersapp.orderitem", "pk": 8, "fields": {"order": 2, "product": 1, "quantity": 0}}, {"model": "ordersapp.orderitem", "pk": 9, "fields": {"order": 3, "product": 6, "quantity": 1}}, {"model": "ordersapp.orderitem", "pk": 10, "fields": {"order": 3, "product": 4, "quantity": 1}}, {"model": "ordersapp.orderitem", "pk": 11, "fields": {"order": 3, "product": 1, "quantity": 1}}, {"model": "ordersapp.orderitem", "pk": 12, "fields": {"order": 4, "product": 10, "quantity": 2}}, {"model": "ordersapp.orderitem", "pk": 13, "fields": {"order": 4, "product": 15, "quantity": 1}}, {"model": "ordersapp.orderitem", "pk": 14, "fields": {"order": 4, "product": 4, "quantity": 1}}, {"model": "ordersapp.orderitem", "pk": 15, "fields": {"order": 4, "product": 9, "quantity": 3}}, {"model": "ordersapp.orderitem", "pk": 16, "fields": {"order": 4, "product": 16, "quantity": 1}}, {"model": "ordersapp.orderitem", "pk": 17, "fields": {"order": 4, "product": 17, "quantity": 1}}, {"model": "ordersapp.orderitem", "pk": 18, "fields": {"order": 4, "product": 12, "quantity": 1}}, {"model": "ordersapp.orderitem", "pk": 19, "fields": {"order": 5, "product": 9, "quantity": 5}}, {"model": "ordersapp.orderitem", "pk": 20, "fields": {"order": 5, "product": 15, "quantity": 2}}, {"model": "ordersapp.orderitem", "pk": 21, "fields": {"order": 5, "product": 4, "quantity": 1}}, {"model": "ordersapp.orderitem", "pk": 22, "fields": {"order": 5, "product": 2, "quantity": 1}}, {"model": "ordersapp.orderitem", "pk": 23, "fields": {"order": 5, "product": 11, "quantity": 1}}, {"model": "ordersapp.orderitem", "pk": 24, "fields": {"order": 5, "product": 17, "quantity": 1}}, {"model": "ordersapp.orderitem", "pk": 25, "fields": {"order": 6, "product": 8, "quantity": 1}}, {"model": "ordersapp.orderitem", "pk": 26, "fields": {"order": 6, "product": 4, "quantity": 1}}, {"model": "ordersapp.orderitem", "pk": 27, "fields": {"order": 7, "product": 14, "quantity": 1}}, {"model": "ordersapp.orderitem", "pk": 28, "fields": {"order": 7, "product": 3, "quantity": 3}}, {"model": "ordersapp.orderitem", "pk": 29, "fields": {"order": 7, "product": 7, "quantity": 1}}, {"model": "ordersapp.orderitem", "pk": 30, "fields": {"order": 7, "product": 4, "quantity": 1}}, {"model": "ordersapp.orderitem", "pk": 31, "fields": {"order": 8, "product": 12, "quantity": 1}}, {"model": "ordersapp.orderitem", "pk": 32, "fields": {"order": 8, "product": 6, "quantity": 1}}, {"model": "ordersapp.orderitem", "pk": 33, "fields": {"order": 9, "product": 13, "quantity": 2}}, {"model": "ordersapp.orderitem", "pk": 34, "fields": {"order": 9, "product": 1, "quantity": 1}}, {"model": "ordersapp.orderitem", "pk": 35, "fields": {"order": 9, "product": 1, "quantity": 1}}, {"model": "ordersapp.orderitem", "pk": 36, "fields": {"order": 10, "product": 4, "quantity": 1}}, {"model": "ordersapp.orderitem", "pk": 37, "fields": {"order": 10, "product": 3, "quantity": 2}}, {"model": "ordersapp.orderitem", "pk": 38, "fields": {"order": 10, "product": 6, "quantity": 1}}, {"model": "ordersapp.orderitem", "pk": 39, "fields": {"order": 10, "product": 8, "quantity": 1}}, {"model": "ordersapp.orderitem", "pk": 40, "fields": {"order": 10, "product": 10, "quantity": 1}}, {"model": "ordersapp.orderitem", "pk": 41, "fields": {"order": 10, "product": 9, "quantity": 1}}, {"model": "ordersapp.orderitem", "pk": 42, "fields": {"order": 11, "product": 1, "quantity": 1}}, {"model": "ordersapp.orderitem", "pk": 43, "fields": {"order": 11, "product": 8, "quantity": 2}}, {"model": "ordersapp.orderitem", "pk": 44, "fields": {"order": 11, "product": 7, "quantity": 1}}, {"model": "ordersapp.orderitem", "pk": 45, "fields": {"order": 11, "product": 12, "quantity": 1}}, {"model": "ordersapp.orderitem", "pk": 46, "fields": {"order": 11, "product": 11, "quantity": 1}}, {"model": "ordersapp.orderitem", "pk": 47, "fields": {"order": 11, "product": 15, "quantity": 5}}, {"model": "ordersapp.orderitem", "pk": 48, "fields": {"order": 11, "product": 1, "quantity": 1}}, {"model": "ordersapp.orderitem", "pk": 49, "fields": {"order": 12, "product": 17, "quantity": 1}}, {"model": "ordersapp.orderitem", "pk": 50, "fields": {"order": 13, "product": 4, "quantity": 1}}, {"model": "ordersapp.orderitem", "pk": 51, "fields": {"order": 13, "product": 11, "quantity": 1}}, {"model": "social_django.usersocialauth", "pk": 13, "fields": {"user": 26, "provider": "vk-oauth2", "uid": "49152", "extra_data": "{\"auth_time\": 1598526803, \"id\": 49152, \"expires\": 86400, \"access_token\": \"ab1668764e43f5a7744ac67422334abd561e63a89c80a74154ca88666fddf324a6207521f4160d6a479db\", \"token_type\": null}", "created": "2020-08-27T11:13:23.544Z", "modified": "2020-08-27T11:13:23.553Z"}}]